name,type,distance,moving_time,total_elevation_gain,start_date
Contemplating sectionals long run,Run,17711.3,7645,365.8,2023-08-15T00:41:09Z
Semis sectionals tennis,Workout,0.0,7172,0.0,2023-08-13T16:42:15Z
Evening Tennis,Workout,0.0,3751,0.0,2023-08-13T01:39:50Z
Evening Walk,Walk,78.2,95,0.0,2023-08-13T01:30:47Z
Sectionals singles afternoon ,Workout,0.0,4103,0.0,2023-08-11T21:57:27Z
Sectionals singles 3 sets ,Workout,0.0,6049,0.0,2023-08-11T16:37:49Z
Evening Ride,Ride,1580.6,418,43.6,2023-08-11T03:50:07Z
Lunch Walk,Walk,953.0,168,6.6,2023-08-10T19:06:51Z
Evening Tennis,Workout,0.0,5136,0.0,2023-08-10T02:35:32Z
Late to tennis run ,Run,1975.4,744,5.0,2023-08-10T02:18:12Z
Lunch Walk,Walk,952.6,673,2.8,2023-08-09T18:24:49Z
Morning Walk,Walk,1020.5,762,25.0,2023-08-09T17:18:53Z
Evening Ride,Ride,3655.8,920,11.6,2023-08-09T03:16:58Z
Afternoon Walk,Walk,1813.1,842,40.4,2023-08-09T00:44:48Z
Morning Ride,Ride,1774.9,409,20.6,2023-08-08T15:14:18Z
Evening Run pickup food ,Run,6051.7,2372,126.6,2023-08-08T02:13:35Z
Afternoon Walk,Walk,1693.0,1208,20.4,2023-08-07T23:10:13Z
Post-flight ride for food and caffeine ,Ride,2515.0,678,25.2,2023-08-07T21:28:56Z
Afternoon Walk,Walk,430.6,380,13.6,2023-08-07T21:19:38Z
Evening Walk,Walk,1276.7,392,2.2,2023-08-07T02:59:51Z
Evening Walk,Walk,1903.7,592,45.2,2023-08-07T01:24:43Z
Afternoon Ride,Ride,6563.7,1456,85.6,2023-08-06T21:09:42Z
Morning Tennis,Workout,0.0,12019,0.0,2023-08-06T17:38:37Z
Morning Ride,Ride,6070.9,1425,66.6,2023-08-06T16:58:13Z
Ride from outside LLMs rofl ,EBikeRide,3349.4,801,38.8,2023-08-06T04:19:10Z
Lunch Ride,EBikeRide,3317.9,670,8.2,2023-08-05T18:18:45Z
Night Ride,Ride,6535.5,1810,86.4,2023-08-05T05:50:02Z
Tennis to tennis party ride ,Ride,1148.8,289,14.8,2023-08-05T01:14:37Z
Afternoon Tennis,Workout,0.0,4008,0.0,2023-08-04T23:58:22Z
Afternoon Ride,Ride,5977.3,1467,68.0,2023-08-04T23:24:21Z
Afternoon Run,Run,973.3,371,4.2,2023-08-04T22:18:20Z
Evening Run,Run,2549.3,952,8.0,2023-08-04T01:21:40Z
Afternoon Walk,Walk,1646.7,600,54.2,2023-08-04T00:30:02Z
Afternoon Walk,Walk,1361.1,181,0.0,2023-08-03T20:08:34Z
Morning Walk,Walk,1948.9,1308,0.0,2023-08-03T16:35:29Z
Evening Tennis,Workout,0.0,6779,0.0,2023-08-03T01:24:45Z
Lunch Run,Run,8674.7,3112,78.4,2023-08-02T19:39:02Z
Night Ride,Ride,6549.5,1511,85.2,2023-08-02T04:07:31Z
Afternoon Ride,Ride,5964.6,1425,81.6,2023-08-02T00:15:45Z
Afternoon Walk,Walk,2286.9,1632,74.8,2023-08-01T22:15:41Z
Night Ride,Ride,6339.9,1520,85.4,2023-08-01T04:07:31Z
Late to tennis hit all the reds ride ,Ride,5828.8,1208,77.2,2023-07-31T22:37:54Z
Sunset beach run ,Run,12946.3,5246,138.2,2023-07-31T02:13:02Z
Taylor concert: watch thought I was walking,Walk,8915.3,6954,45.8,2023-07-30T03:36:21Z
Evening Weight Training,WeightTraining,0.0,951,0.0,2023-07-29T03:43:41Z
Evening Elliptical,Elliptical,0.0,1251,0.0,2023-07-29T03:22:20Z
Lunch Walk,Walk,1263.3,82,0.0,2023-07-28T18:48:54Z
Beach Run for work blog gif content ,Run,11050.1,4311,98.4,2023-07-28T02:10:05Z
Afternoon Walk,Walk,1847.4,1468,90.0,2023-07-28T00:50:07Z
Afternoon Walk,Walk,4604.7,4930,0.0,2023-07-27T21:23:44Z
Night Walk,Walk,812.9,666,6.8,2023-07-27T04:29:05Z
Evening Walk,Walk,2590.1,1772,12.0,2023-07-27T01:12:51Z
Craig and Lizzie hack night debrief ride,EBikeRide,2813.3,733,95.6,2023-07-26T05:14:05Z
Afternoon Ride to replit hack night ,EBikeRide,1848.5,415,3.8,2023-07-25T23:58:20Z
Morning Walk,Walk,2297.5,979,6.0,2023-07-24T17:30:18Z
Morning Walk,Walk,1969.8,610,70.0,2023-07-23T15:33:20Z
Alexi Pappas 10k shubhaaa,Run,9841.3,3170,15.4,2023-07-23T14:01:24Z
Morning Walk,Walk,1832.5,713,0.0,2023-07-23T13:33:13Z
Afternoon Ride,Ride,5526.6,1586,91.4,2023-07-23T00:29:51Z
Run to Sf race expo with Shubha! ,Run,3441.5,1271,19.6,2023-07-22T20:18:05Z
Morning Walk for yimby walk,Walk,5188.2,3834,48.0,2023-07-22T17:25:12Z
Lizzie and Martin rescue our cruise car night walk,Walk,1940.7,700,12.6,2023-07-22T05:55:41Z
USWNT to Langchain party ty Martin ,EBikeRide,2989.2,625,14.6,2023-07-22T03:27:41Z
Lunch Walk,Walk,1035.3,126,5.8,2023-07-21T18:39:07Z
Afternoon Ride,Ride,1594.6,427,8.4,2023-07-21T00:37:08Z
Morning Walk,Walk,1935.2,1388,0.0,2023-07-20T16:30:36Z
Evening Tennis,Workout,0.0,5262,0.0,2023-07-20T02:35:37Z
Evening Walk,Walk,1967.1,1307,5.8,2023-07-20T02:11:51Z
Evening Tennis,Workout,0.0,6033,0.0,2023-07-19T01:44:41Z
Iâ€™m back morning run ,Run,13016.7,5137,60.0,2023-07-18T14:11:15Z
Lizzie and Craig post-LLM meetup ,EBikeRide,2568.8,785,90.2,2023-07-18T04:29:54Z
Bike to LLM meetup ,Ride,4056.6,995,17.4,2023-07-18T00:18:53Z
Afternoon Run,Run,4910.5,1858,71.0,2023-07-17T22:40:43Z
Post-Samâ€™s concert hi Kan,Ride,9603.6,2579,96.4,2023-07-17T02:00:52Z
Evening Walk,Walk,2464.1,1925,10.4,2023-07-16T23:11:48Z
Afternoon Walk,Walk,1918.8,1448,13.8,2023-07-16T21:53:14Z
Bike to BK,Ride,9376.9,2592,63.8,2023-07-16T20:55:09Z
Evening Walk,Walk,1611.0,1272,6.2,2023-07-16T00:43:59Z
Afternoon Walk,Walk,1303.8,141,0.0,2023-07-15T18:57:41Z
Lunch Walk,Walk,1844.6,1304,2.2,2023-07-15T16:04:17Z
It should be illegal to be this hot nyc run ,Run,7428.6,2844,32.6,2023-07-15T14:19:29Z
Night Walk,Walk,2105.2,1642,58.2,2023-07-15T04:15:46Z
walk to conference ,Walk,1723.2,1160,12.2,2023-07-14T13:13:59Z
Park to bway ,Walk,3524.4,2524,29.4,2023-07-13T23:06:40Z
Afternoon Walk,Walk,1388.5,141,0.0,2023-07-13T20:26:56Z
Afternoon Walk,Walk,2208.8,852,8.6,2023-07-13T19:51:53Z
Afternoon Walk,Walk,3023.4,1866,5.0,2023-07-13T18:19:48Z
Bus. Club. Another club. Walk,Walk,2689.0,2202,0.0,2023-07-13T00:47:04Z
Evening Walk,Walk,1082.3,890,0.0,2023-07-12T23:04:21Z
Lunch Walk,Walk,1749.5,303,0.0,2023-07-12T15:08:50Z
Morning Walk,Walk,1656.8,1270,13.4,2023-07-12T13:09:18Z
Night Walk,Walk,1467.3,439,4.4,2023-07-12T01:35:01Z
Evening Walk,Walk,736.5,6,0.0,2023-07-11T23:50:53Z
Dubs tennis,Workout,0.0,5347,0.0,2023-07-11T02:33:47Z
Run with bagels ,Run,6145.5,2422,56.8,2023-07-10T21:08:38Z
Meeting went late sprint for TooGoodToGo bagels,Run,6365.5,2033,20.2,2023-07-10T20:27:43Z
Evening Weight Training,WeightTraining,0.0,904,0.0,2023-07-10T03:11:17Z
Evening Elliptical,Elliptical,0.0,3813,0.0,2023-07-10T01:58:23Z
Afternoon Walk,Walk,2241.0,1450,11.4,2023-07-09T20:32:09Z
Afternoon Ride,Ride,5805.4,1155,45.0,2023-07-08T22:45:40Z
Playoff sweep singles lfg,Workout,0.0,5338,0.0,2023-07-08T18:45:11Z
Ride to playoffs ,Ride,5816.5,1371,81.4,2023-07-08T17:40:33Z
E-bike back bc MEETUP WAS FULL,EBikeRide,4510.6,838,90.6,2023-07-08T00:56:02Z
E-bike ride to ai meetup ,EBikeRide,2827.0,800,15.8,2023-07-08T00:24:53Z
Jen singles practice ,Workout,0.0,5379,0.0,2023-07-07T19:21:34Z
Lunch Walk,Walk,1678.6,1076,2.6,2023-07-07T18:47:04Z
Ride to Thursday nights in ai night 2 ,Ride,2967.8,809,9.4,2023-07-07T01:08:10Z
Morning Walk,Walk,1752.5,1322,2.8,2023-07-06T16:59:40Z
Craig comes back today early run bc meetup,Run,12133.1,4373,61.6,2023-07-06T13:54:07Z
Charlie vs me and Nico ,Workout,0.0,1552,0.0,2023-07-06T04:06:52Z
Afternoon Tennis,Workout,0.0,537,0.0,2023-07-06T00:32:23Z
"Pre-bbq, post-csv vs pandas agent epiphany ",Run,12619.0,4857,98.6,2023-07-04T20:06:14Z
Afternoon Elliptical,Elliptical,0.0,2433,0.0,2023-07-04T00:22:46Z
Stanford salut ClÃ©ment ,Walk,1344.6,373,7.2,2023-07-03T20:43:24Z
Night Ride,Ride,4697.9,1100,16.6,2023-07-03T04:08:40Z
Tennis break ride ,Ride,2076.7,442,11.0,2023-07-02T23:49:00Z
Lunch Ride,Ride,5874.0,1359,69.8,2023-07-02T19:03:09Z
Evening Weight Training,WeightTraining,0.0,939,0.0,2023-07-02T02:42:10Z
Evening Elliptical,Elliptical,0.0,1338,0.0,2023-07-02T02:19:38Z
Presidio ride x sports basement ,Ride,11975.7,2807,138.6,2023-07-01T21:29:23Z
Afternoon Ride,Ride,3085.5,767,12.6,2023-07-01T20:59:54Z
Run with bagels ,Run,6029.5,2333,35.2,2023-06-30T20:54:00Z
Run for bagels ,Run,6767.3,2275,30.2,2023-06-30T20:10:27Z
Night Ride,Ride,4911.9,1436,92.4,2023-06-30T04:36:39Z
Afternoon Ride,Ride,3592.9,872,3.0,2023-06-29T21:49:50Z
Lunch Ride,Ride,2294.7,500,0.0,2023-06-29T18:43:25Z
Afternoon Ride,Ride,6199.5,1506,77.4,2023-06-28T23:27:05Z
I left an after party for this run lol,Run,14068.2,5242,122.8,2023-06-28T13:48:58Z
Morning Weight Training,WeightTraining,0.0,515,0.0,2023-06-27T17:54:29Z
Morning Elliptical,Elliptical,0.0,2828,0.0,2023-06-27T17:05:43Z
Quick laps testing new shoes ,Run,3523.3,1136,22.8,2023-06-27T02:07:02Z
Afternoon Ride,Ride,6316.7,1472,90.4,2023-06-25T21:05:09Z
Morning Ride,Ride,6081.4,1423,65.8,2023-06-25T15:27:11Z
Post-pizza ride ,Ride,10067.6,2027,136.6,2023-06-25T01:03:49Z
Bike for pizza went to wrong laundromat ,Ride,5280.9,1126,87.2,2023-06-24T23:44:19Z
Afternoon Walk,Walk,1985.5,954,8.4,2023-06-24T23:22:40Z
Coffee to picnic hi E long way feat new Valencia bike lane ,Ride,16032.3,3683,115.2,2023-06-24T20:35:48Z
Ride for coffee,Ride,6872.2,1748,5.6,2023-06-24T19:22:26Z
Night Walk,Walk,2345.0,1293,54.0,2023-06-24T05:00:51Z
I went to bed early to get this done omg ,Run,13397.4,4971,79.2,2023-06-23T14:10:03Z
Lunch Walk,Walk,1697.1,1427,12.4,2023-06-22T18:21:08Z
Morning Walk,Walk,1761.4,1402,0.0,2023-06-21T17:11:29Z
The one where shubha + Lizzie run for fruit thatâ€™s on sale,Run,9482.2,4044,125.0,2023-06-20T23:11:04Z
Lunch Walk,Walk,1318.9,334,15.6,2023-06-20T19:32:21Z
Afternoon Weight Training,WeightTraining,0.0,783,0.0,2023-06-20T00:55:54Z
Afternoon Elliptical,Elliptical,0.0,3609,0.0,2023-06-19T23:54:45Z
Afternoon Ride,Ride,4457.1,1356,83.0,2023-06-19T21:33:01Z
Lunch Ride,Ride,5937.7,1633,69.8,2023-06-19T18:39:33Z
Crosstown trail ,Walk,24550.9,19338,765.4,2023-06-18T20:52:00Z
Lunch Ride,Ride,6393.9,1477,84.4,2023-06-18T19:25:02Z
Morning Ride,Ride,6164.0,1351,76.2,2023-06-18T15:25:36Z
Afternoon Tennis,Workout,0.0,1073,0.0,2023-06-17T20:44:38Z
Evening Tennis,Workout,0.0,4295,0.0,2023-06-17T01:49:35Z
Evening Walk,Walk,2209.9,1355,25.2,2023-06-17T01:08:06Z
Evening Tennis,Workout,0.0,5465,0.0,2023-06-16T02:33:35Z
Evening Ride,Ride,6377.2,1382,75.6,2023-06-16T01:42:03Z
Morning Walk,Walk,1855.6,1406,0.0,2023-06-15T17:44:57Z
Evening Ride,Ride,6355.0,1456,86.4,2023-06-15T03:50:32Z
Evening Tennis,Workout,0.0,2842,0.0,2023-06-15T02:46:43Z
Evening Pickleball,Workout,0.0,459,0.0,2023-06-15T02:17:25Z
Afternoon Ride,Ride,6142.2,1354,76.2,2023-06-14T22:27:42Z
Post-wine bar ,Ride,2619.0,820,75.6,2023-06-14T02:53:49Z
Pickleball to dumplings ,Ride,3734.4,736,14.0,2023-06-14T00:42:27Z
Afternoon Pickleball,Workout,0.0,4023,0.0,2023-06-13T23:22:45Z
Afternoon Ride,Ride,6826.7,1576,73.6,2023-06-13T21:43:37Z
Night Walk,Walk,1462.7,239,0.0,2023-06-13T04:56:55Z
Laps x steps ,Run,5944.0,2256,33.6,2023-06-12T23:49:18Z
Lunch Run,Run,1028.5,343,10.0,2023-06-12T19:13:00Z
Evening Weight Training,WeightTraining,0.0,1375,0.0,2023-06-12T01:39:17Z
Evening Elliptical,Elliptical,0.0,1520,0.0,2023-06-12T01:11:11Z
Afternoon Walk,Walk,3320.0,3020,107.0,2023-06-11T23:36:14Z
Lunch Walk,Walk,3115.5,2410,22.4,2023-06-11T18:51:51Z
Modified beach run ,Run,13138.3,4838,94.2,2023-06-10T22:07:58Z
Pre-flight run for coffee ,Run,812.7,295,10.8,2023-06-10T14:38:28Z
20 min Broadway Ride with Benny Adami,Ride,9144.6,1201,0.0,2023-06-10T00:22:36Z
30 min Disney Ride with Emma Lovewell,Ride,13505.2,1800,0.0,2023-06-09T23:50:48Z
Afternoon Walk,Walk,634.9,469,15.8,2023-06-09T22:41:22Z
Morning Walk,Walk,1082.3,117,0.0,2023-06-09T16:47:58Z
30 min The Little Mermaid Ride with Tunde Oyeneyin,Ride,13290.2,1800,0.0,2023-06-09T02:39:28Z
Night Walk,Walk,2282.2,1925,96.2,2023-06-08T06:20:16Z
Lunch Ride to conf ,Ride,5887.7,1610,22.2,2023-06-07T19:02:58Z
Evening Tennis,Workout,0.0,6247,0.0,2023-06-07T01:33:23Z
Evening Walk,Walk,2368.7,1082,2.4,2023-06-07T01:12:15Z
Lobby day break walk and talk ,Walk,3924.5,2992,18.0,2023-06-05T22:29:36Z
Afternoon Walk,Walk,1437.2,376,0.0,2023-06-04T23:52:48Z
Afternoon Ride,Ride,6345.9,1422,86.0,2023-06-04T21:04:39Z
Afternoon Pickleball,Workout,0.0,1102,0.0,2023-06-04T20:36:15Z
Afternoon Pickleball,Workout,0.0,365,0.0,2023-06-04T20:15:09Z
Morning Ride,Ride,6164.8,1371,68.8,2023-06-04T15:30:57Z
Evening Walk,Walk,1952.9,1440,89.8,2023-06-04T01:16:09Z
Afternoon Pickleball,Workout,0.0,10074,0.0,2023-06-03T22:05:54Z
Afternoon Run,Run,1924.6,1042,9.4,2023-06-03T21:32:50Z
Post-movie contemplate bike party ,Run,11272.8,4316,133.2,2023-06-02T22:11:09Z
Lunch Run to movie ,Run,2186.0,720,20.8,2023-06-02T19:22:46Z
Morning Walk,Walk,1968.0,1390,2.2,2023-06-01T17:22:43Z
Night Ride,Ride,6270.8,1487,85.0,2023-06-01T04:36:24Z
Afternoon Tennis,Workout,0.0,512,0.0,2023-06-01T00:34:00Z
Afternoon Ride,Ride,6057.1,1482,66.8,2023-05-31T22:21:42Z
Night Ride,Ride,6483.4,1423,85.8,2023-05-31T05:10:15Z
Evening Tennis,Workout,0.0,8299,0.0,2023-05-31T02:40:16Z
Jen singles practice ,Workout,0.0,5294,0.0,2022-10-10T00:21:25Z
Tennis to chill ride to beach with Soumi and jen to zoom back ,Ride,16830.7,4374,142.5,2022-10-08T22:35:49Z
Ride to ggp cheer on team ,Ride,7910.3,1909,67.2,2022-10-08T18:36:25Z
Afternoon Ride,Ride,13718.1,3254,82.2,2022-10-06T22:09:07Z
Morning Ride,Ride,5882.2,1215,12.5,2022-10-06T17:31:01Z
Tri-level dubs practice -> samwell singles ðŸŽ¾,Workout,0.0,6795,0.0,2022-10-04T01:12:09Z
James singles pre-lifting ðŸŽ¾ðŸŽ¾,Workout,0.0,4405,0.0,2022-10-03T01:39:04Z
Morning Ride,Ride,15729.7,3774,135.5,2022-09-30T17:09:32Z
Evening Ride,Ride,2382.6,809,39.2,2022-09-30T01:04:45Z
Afternoon Ride,Ride,3164.9,759,12.9,2022-09-29T20:37:09Z
Ride to lunch + grocery shop with Diane my love,Ride,2432.1,656,0.0,2022-09-29T18:37:48Z
Morning Ride,Ride,2705.5,579,0.0,2022-09-29T17:11:41Z
8.5 dubs with warmup ,Workout,0.0,9667,0.0,2022-09-29T01:17:51Z
Afternoon Ride,Ride,2781.2,981,53.8,2022-09-28T23:57:40Z
Morning Ride,Ride,3772.1,1143,0.0,2022-09-28T17:04:45Z
Quick dubs practice ,Workout,0.0,4029,0.0,2022-09-28T00:55:09Z
Cycling is making me weak ðŸ˜ ðŸ˜¤,Run,5619.8,2186,81.4,2022-09-26T00:09:42Z
Mixed dubs Sarah in town ,Workout,0.0,3464,0.0,2022-09-24T18:09:55Z
Long way home ish ride into Sam ,Ride,8692.6,2174,65.7,2022-09-22T23:52:05Z
Pre-matt hq ,Ride,28398.6,6209,178.4,2022-09-22T15:16:39Z
9.5 dubs lfg 3 sets vs Olympic club,Workout,0.0,8950,0.0,2022-09-20T01:36:11Z
Post-brunch ride ,Ride,5473.3,1299,45.8,2022-09-18T21:36:46Z
Bike 2 cole valley brunch ,Ride,5894.4,1619,80.9,2022-09-18T18:58:38Z
8.5 dubs ,Workout,0.0,6532,0.0,2022-09-17T21:03:38Z
Ride for yes on j prop ad jfk,Ride,35836.6,9109,243.0,2022-09-16T14:47:13Z
Sightsee x shop x couldnâ€™t find boba in mall ATL,Run,12193.3,4911,133.6,2022-09-14T22:05:48Z
Pre-refactr/great highway + devil's teeth,Ride,30216.9,6866,207.7,2022-09-12T14:26:40Z
Kristine singlesðŸŽ¾ finally,Workout,0.0,4403,0.0,2022-09-12T01:39:22Z
9.5 dubs ,Workout,0.0,5908,0.0,2022-09-10T02:12:46Z
Tennis Warmup ,Workout,0.0,2341,0.0,2022-09-10T01:15:20Z
Bike bus + telescope coffee! ,Ride,7457.9,2776,69.1,2022-09-09T14:50:54Z
Morning Ride,Ride,10528.2,2494,100.3,2022-09-09T13:47:34Z
ICG Ride,Ride,0.0,1657,0.0,2022-09-06T23:28:56Z
Acai bowl walk,Walk,3331.0,2593,10.9,2022-09-04T16:04:18Z
Pennapps break meet Kennedy ,Walk,6370.9,4961,33.6,2022-09-03T21:52:10Z
Night ride from post-meetup Kimberly Thai dinner,Ride,4328.8,1312,14.3,2022-09-01T02:21:08Z
Ride back to hotel for 1:1,Ride,3181.4,763,14.3,2022-08-30T19:00:55Z
"1 walk, 4 nyc bookstores ",Walk,7761.1,5439,8.7,2022-08-30T16:16:37Z
Need to time red/green lights better ,Ride,13742.2,3630,95.2,2022-08-28T22:54:27Z
Hackcon Wellness center ride,Ride,6301.8,1715,78.9,2022-08-27T13:11:20Z
Upper Hudson River walk night ride ,Ride,16862.4,4306,55.6,2022-08-26T02:27:37Z
Run with Shubha to blue barn ,Run,8074.1,3776,29.6,2022-08-23T01:24:22Z
Brian 3 sets ðŸŽ¾ðŸŽ¾,Workout,0.0,8417,0.0,2022-08-22T00:08:20Z
Walk from GGP stop in Alamo square bc elise ,Walk,5266.5,3969,113.1,2022-08-21T20:50:10Z
New team tennis social dubs ,Workout,0.0,9380,0.0,2022-08-21T17:18:47Z
Walk to GGP ,Walk,6577.6,4981,104.9,2022-08-21T15:40:00Z
Run to books Inc ,Run,6468.8,2661,109.0,2022-08-21T00:01:21Z
First hawk hill run! ,Run,27388.5,12171,344.1,2022-08-15T20:42:04Z
"Post-dim sum, pre-pageant lands end ",Run,18777.4,7836,287.1,2022-08-13T20:26:58Z
Mixed dubs,Workout,0.0,7136,0.0,2022-08-13T01:12:16Z
Bball experience kc ,Workout,0.0,1760,0.0,2022-08-11T18:20:36Z
Quick KC sightseeing ,Run,6577.1,2356,91.4,2022-08-10T21:05:47Z
Walk for coffee + museum ,Walk,4332.9,3294,24.1,2022-08-10T18:28:00Z
KCDC day 1,Ride,0.0,732,0.0,2022-08-09T00:45:25Z
Sectionals semis singles ,Workout,0.0,6549,0.0,2022-08-07T15:06:29Z
Jean dubs sectionals day 2 ,Workout,0.0,3881,0.0,2022-08-07T01:02:26Z
Singles sectionals day 2 ,Workout,0.0,7230,0.0,2022-08-06T19:52:36Z
Dubs sectionals day 1 ,Workout,0.0,6361,0.0,2022-08-05T23:40:31Z
Lunchtime singles ,Workout,0.0,4479,0.0,2022-08-01T19:10:15Z
Walk back from author event Will,Walk,3167.9,2617,95.6,2022-08-01T03:21:24Z
East bay dubs ,Workout,0.0,7295,0.0,2022-07-31T17:21:43Z
GGP mixed dubs ,Workout,0.0,7226,0.0,2022-07-30T01:01:03Z
Walk 2 werk dinner ,Walk,2675.8,2420,15.6,2022-07-27T21:24:31Z
Walk to coffee and conference,Walk,2681.5,1909,5.6,2022-07-27T12:20:26Z
Dumplings to cannolis to bike back pipeline,Ride,3356.7,1295,20.6,2022-07-27T03:13:14Z
"Easy mon-yay, hard borough hills ",Run,5267.7,2274,64.3,2022-07-26T01:12:51Z
Monterey bay with ami! ,Rowing,0.0,2860,0.0,2022-07-24T20:58:31Z
Monter-yay,Walk,1481.6,1464,8.0,2022-07-24T18:47:55Z
Post-root.vc 2 Napa ,Walk,3712.9,2933,89.2,2022-07-24T01:21:21Z
Mixed dubs social how did my back get so sweaty,Workout,0.0,6557,0.0,2022-07-23T01:12:47Z
Night run post-Notion api shenanigans ,Run,4969.0,1635,0.0,2022-07-21T03:29:34Z
Night Walk,Walk,965.4,741,7.0,2022-07-20T04:01:47Z
Devin p2ðŸŽ¾,Workout,0.0,8851,0.0,2022-07-19T01:26:55Z
Farmers market ,Walk,4001.1,3111,84.5,2022-07-17T20:58:14Z
DevinðŸŽ¾ðŸ’ª,Workout,0.0,11088,0.0,2022-07-17T00:29:59Z
Matcha to mixed dubs ,Walk,7086.6,4944,94.0,2022-07-15T23:14:17Z
1st post-Covid run into shubha! ,Run,12956.0,5686,75.9,2022-07-13T00:39:06Z
Walk post-scomaâ€™s w/ griffin ,Walk,2302.0,2072,117.9,2022-07-12T02:42:20Z
Playoffs,Workout,0.0,8368,0.0,2022-07-10T18:23:26Z
Walk to playoffs ,Walk,5968.0,4056,86.9,2022-07-10T17:06:02Z
East bay dubs ty bart ,Workout,0.0,6809,0.0,2022-07-09T17:50:49Z
Night Walk,Walk,843.4,647,42.9,2022-07-09T07:10:38Z
Mixed dubs ðŸŽ¾ðŸŽ¾,Workout,0.0,6949,0.0,2022-07-09T01:04:00Z
To tennissss,Walk,6283.1,4694,92.7,2022-07-08T23:19:05Z
"Hoppy birdy, Chad! ",Walk,4929.2,4403,125.9,2022-07-02T18:48:08Z
Didnâ€™t start Strava till after past north beach ,Walk,2917.4,2790,141.2,2022-07-01T22:59:46Z
EZ ,Run,4018.8,1553,4.7,2022-06-30T02:49:57Z
Walk 2 &Juliet!! ,Walk,1892.5,1289,0.0,2022-06-22T23:26:40Z
Post-conf happy hr ,Walk,2759.4,2156,15.3,2022-06-22T01:20:31Z
Distillery district is so cute Omg post-cocktails ,Walk,3235.3,2707,18.7,2022-06-21T01:07:52Z
Boba * badge pickup ,Walk,4925.4,3900,5.5,2022-06-20T19:19:39Z
Collision conf post-redeye,Walk,5088.1,3439,12.5,2022-06-20T13:44:58Z
Last reg season singles ðŸŽ¾ðŸŽ¾ðŸŽ¾ðŸŽ¾,Workout,0.0,5090,0.0,2022-06-18T22:20:40Z
Walk post-shiv body shots ,Walk,2016.9,1655,60.2,2022-06-18T05:02:36Z
Finals walkkk,Walk,3734.8,2991,90.9,2022-06-17T05:04:17Z
Pre-warriors post-meetings Iâ€™m dehydrated omg,Run,5487.6,1728,0.0,2022-06-16T21:53:05Z
WA coast,Walk,6107.8,4676,172.5,2022-06-13T17:36:23Z
Election Day lit drop ,Walk,12232.4,11842,190.4,2022-06-07T12:42:43Z
Day b4 Election Day lit drop ,Walk,3927.2,4100,0.0,2022-06-07T00:28:29Z
DevinðŸŽ¾ðŸŽ¾ðŸ•ðŸ•,Workout,0.0,9642,0.0,2022-06-05T00:11:59Z
Anaheimmm,Walk,3335.2,2372,3.6,2022-05-26T01:58:36Z
EEAAO walk back,Walk,1286.6,2105,87.6,2022-05-24T04:56:20Z
I could bus but Iâ€™ll walk ,Walk,3418.6,2317,8.4,2022-05-24T00:23:56Z
Beach Monday run ,Run,13253.9,5369,129.8,2022-05-23T21:20:01Z
I made my opponent break her racket 3 games in ðŸ”¥ðŸ˜®â€ðŸ’¨ðŸŽ¾ðŸŽ¾,Workout,0.0,4652,0.0,2022-05-21T23:09:47Z
Walk 2 tennis + pickup snax in jtown,Walk,6126.4,4200,75.7,2022-05-21T21:37:35Z
Pickleball is my new love ,Workout,0.0,5280,0.0,2022-05-21T02:14:16Z
Wozniak to tea pipeline ,Walk,769.5,594,3.4,2022-05-19T22:17:33Z
Lost professional  credibility by sweating alongside conf attendees ride ðŸ˜­,Ride,0.0,1451,0.0,2022-05-19T05:16:40Z
Future stack break ,Walk,663.4,176,0.0,2022-05-18T01:15:51Z
Avoiding bay 2 breakers shenanigans beach run,Run,12512.4,5067,65.6,2022-05-16T00:52:13Z
Vidy p2,Walk,4090.6,2993,95.3,2022-05-14T21:39:53Z
Vidyyy,Walk,2855.4,2122,10.2,2022-05-14T20:40:12Z
4 souvla,Walk,3937.4,2677,48.2,2022-05-14T19:18:16Z
3.5 sets ðŸŽ¾ devin lol,Workout,0.0,9913,0.0,2022-05-13T01:18:39Z
Night Walk,Walk,2016.9,1757,90.4,2022-05-12T04:06:18Z
Single/dubsðŸŽ¾,Workout,0.0,4819,0.0,2022-05-12T02:38:22Z
"Clare dares to use my own spells against me, Potter ðŸŽ¾ðŸŽ¾",Workout,0.0,5074,0.0,2022-05-10T01:39:54Z
GGP vs bay club singles ðŸŽ¾â˜ ï¸â˜ ï¸â˜ ï¸,Workout,0.0,5868,0.0,2022-05-07T02:05:16Z
DevNet Summit Team Bonding ebike Ride,Ride,14081.9,3706,128.2,2022-05-04T21:57:57Z
Devnet summit day 0 ,Walk,7296.8,5949,27.9,2022-05-02T22:47:06Z
Dubs,Workout,0.0,9645,0.0,2022-05-01T23:56:44Z
10s to indie bookstore day,Walk,7708.5,6071,136.0,2022-05-01T00:04:32Z
Sweeped oclub @ home ðŸŽ¾ðŸŽ¾ðŸ§¹ðŸ§¹,Workout,0.0,6154,0.0,2022-04-30T20:32:30Z
Pickup Mochi donuts pre-match ,Walk,6123.5,4198,66.8,2022-04-30T18:56:39Z
Friday midnight walk ,Walk,1597.2,1603,0.0,2022-04-30T07:14:40Z
Car-free jfk birthday ,Walk,5015.8,3955,96.8,2022-04-29T01:32:26Z
Oly club singles ,Workout,0.0,6417,0.0,2022-04-28T02:14:35Z
"Easy pre-singles match run into maddy, Twitter mutual to tunnel top park",Run,9617.4,4054,136.5,2022-04-27T00:40:41Z
Post-twitch/tiktok laps,Run,5168.1,1684,0.0,2022-04-26T01:58:19Z
ðŸŽ¾ðŸŽ¾ðŸŽ¾,Workout,0.0,2786,0.0,2022-04-25T00:37:21Z
To samâ€™s ,Walk,1332.5,1152,22.9,2022-04-23T21:12:16Z
To matt haneyâ€™s bday kaiyo rooftop ,Walk,2892.3,1928,0.0,2022-04-23T20:09:52Z
Happy hr p3,Walk,2122.3,1674,89.2,2022-04-23T05:07:34Z
Happy hr p2,Walk,587.4,496,0.0,2022-04-23T02:29:42Z
Happy hr,Walk,5485.7,3594,18.6,2022-04-23T00:09:40Z
GOTV Election Day canvassing,Walk,8647.0,7912,204.0,2022-04-19T18:57:43Z
Sunset errands before returning car rofl,Walk,5732.1,4315,57.2,2022-04-18T19:39:24Z
Post-Sacramento east bay dubs ,Workout,0.0,9034,0.0,2022-04-17T17:05:13Z
HIIT,Workout,0.0,1859,0.0,2022-04-15T05:53:59Z
Pre-twitch huuump day beach Yelp run ,Run,11200.8,4241,34.8,2022-04-13T18:13:36Z
Post-boba office,Walk,1884.0,1560,88.7,2022-04-12T23:49:44Z
Errand x coffee x manager + Anthony,Walk,2753.6,2003,26.7,2022-04-12T18:24:16Z
Walk to manager + Anthony pre-GTM mini golf,Walk,3658.4,2326,0.0,2022-04-11T20:50:05Z
Walk to kc brunch x Abby ,Walk,1507.7,1141,19.8,2022-04-10T15:15:39Z
Run to kc library with backpack ,Run,2137.2,875,29.9,2022-04-08T17:14:38Z
Kc is not pedestrian friendly + itâ€™s COLD,Walk,4852.8,3207,53.1,2022-04-08T16:18:27Z
Kansas City night 1 ride,Ride,0.0,1206,0.0,2022-04-08T04:42:26Z
Post-twitch pre-hackathon errands,Walk,3266.4,2574,89.8,2022-04-06T21:15:30Z
5 min Post-Ride Stretch with Robin ArzÃ³n,Workout,0.0,298,0.0,2022-04-06T02:15:55Z
45 min 2000s Ride with Kendall Toole,Ride,17783.2,2697,0.0,2022-04-06T02:11:38Z
Tina time ty Mux feat hill,Walk,4400.3,3869,118.1,2022-04-05T04:09:39Z
"Doubles Devin, Calvin, tiff ",Workout,0.0,8049,0.0,2022-04-04T00:42:45Z
Late 2 tennis p2,Walk,2122.1,1455,0.0,2022-04-04T00:15:51Z
Post-dubs walk hi tiff,Walk,6156.3,4343,94.1,2022-04-03T21:10:45Z
Jean bday dubs,Workout,0.0,7902,0.0,2022-04-03T17:50:45Z
"To GGP, skipping bagels ",Walk,5915.3,4227,93.7,2022-04-03T16:24:02Z
Best swims come after alcohol ,Swim,603.5,961,0.0,2022-04-03T04:04:52Z
canceled twitch stream for a meeting that couldâ€™ve been an email lfg,Ride,17339.7,3485,75.8,2022-03-31T23:09:59Z
Best comedy show Iâ€™ve been to since Ronny chieng omg ty yelp +T,Walk,1540.9,1053,0.0,2022-03-30T01:51:06Z
Griffin recap ,Walk,501.9,402,13.3,2022-03-30T00:38:37Z
"Y is slack/Twitter going off when Iâ€™m on the beach, unlimited PTO is a scam !! ",Run,13984.7,5365,97.5,2022-03-29T21:57:24Z
Beach run and recap with Jen ,Run,4970.9,2682,22.2,2022-03-28T22:13:31Z
Run to Jen while taking a call post-GDC/club day off ,Run,4922.1,1781,14.6,2022-03-28T21:42:54Z
Dumpling home bros brothers brethren ,Walk,2662.6,1695,8.4,2022-03-28T01:08:16Z
Late to gala volunteer Ty movie,Run,724.9,278,0.0,2022-03-27T20:43:50Z
Run to pickup Samâ€™s pan to impress dinner but too heavy for hill,Run,3333.4,983,9.8,2022-03-26T19:14:46Z
Sam night walk catch-up post-gala ,Walk,8294.6,6420,132.4,2022-03-26T04:50:13Z
To dim sum + Walter! ,Walk,1427.5,915,0.0,2022-03-25T17:45:03Z
"Late to meeting post-iguana man, party, Diane shenanigans rofl ",Run,1346.5,743,0.0,2022-03-24T17:48:46Z
Late to meeting rofl ,Run,711.8,449,0.0,2022-03-23T22:15:21Z
Morning Walk,Walk,1049.7,784,0.0,2022-03-21T17:46:30Z
Last-min karaoke ,Run,121.7,40,2.1,2022-03-20T05:15:21Z
Post-nadal-alcaraz ,Walk,1786.0,1103,17.2,2022-03-20T01:51:35Z
Dubs w/ new ladies,Workout,0.0,4779,0.0,2022-03-16T00:41:25Z
Run to ðŸŽ¾ bc late ,Run,905.7,580,0.0,2022-03-16T00:24:05Z
Partial of 6-0 loss to Brian I am embarrassed ,Workout,0.0,3656,0.0,2022-03-15T02:51:32Z
Walk back bc that match was embarrassing omg,Walk,6018.8,4500,103.6,2022-03-14T01:37:28Z
Last mixed dubs match of seasonnn,Workout,0.0,4969,0.0,2022-03-13T23:18:52Z
"Yc, vc, web3, bobby in sf happy hr/dinner",Walk,3073.4,2187,10.3,2022-03-11T01:41:40Z
Singles with Jen ,Workout,0.0,6362,0.0,2022-03-10T02:14:06Z
Happy hr to bobs donuts pipeline,Walk,2670.1,2087,47.8,2022-03-09T05:19:24Z
Walk to growsf happy hr,Walk,3230.1,2235,18.0,2022-03-09T02:00:06Z
ðŸŒ™ ðŸŒ swim,Swim,1042.4,1818,0.0,2022-03-08T04:16:04Z
Chinatown LNY 10K,Run,10611.8,3426,76.8,2022-03-06T16:00:52Z
Point Reyes part ,Walk,8058.9,7002,117.8,2022-03-05T22:49:48Z
Quick borough night run pre-oakland,Run,2592.6,931,50.9,2022-03-05T02:15:41Z
Dubs defeat + Calvin vs Devin+ KelseyðŸŽ¾,Workout,0.0,5960,0.0,2022-03-02T02:48:24Z
Bar hopping on a mon-yay,Walk,1720.9,1480,85.1,2022-03-01T06:30:16Z
JamesonðŸŽ¾,Workout,0.0,4852,0.0,2022-02-28T02:38:43Z
Orchids + tea -> pick up rackets ,Run,6918.2,2361,72.8,2022-02-28T01:07:17Z
To orchids last-min,Run,7131.0,2544,96.8,2022-02-27T22:27:40Z
"Post-pancake party the vcâ€™s came late, artists were early",Run,3295.1,1249,92.5,2022-02-27T20:01:40Z
Light run to sf pancake party !sweat makeup off,Run,4188.5,1422,47.5,2022-02-27T17:40:49Z
â€œI am never drinking againâ€ -> brunch pipeline,Walk,6787.3,4053,91.8,2022-02-26T19:58:18Z
Rachel and I are aliveeee,Walk,2391.7,2471,60.8,2022-02-26T01:48:02Z
Tourists,Walk,2025.4,1687,0.0,2022-02-25T21:12:16Z
Diane my love post-degeneracy ,Walk,1860.7,1414,0.0,2022-02-25T19:33:18Z
B patisserie x shop b4 meeting Twitter friend ,Walk,2894.3,2078,43.6,2022-02-24T17:38:44Z
Dubs with giggles ðŸŽ¾ðŸŽ¾,Workout,0.0,6011,0.0,2022-02-24T03:11:51Z
